"year","fleet","0","1","2","3","4","5","6","7","8+","value"
2000,"A",0,0,8161,9752,10223,5660,2466,605,778,"wbss_canum_1000"
2000,"C",34431.675106462,89571.8354838844,227422.249507169,101442.330443323,61786.8879728679,16939.6937116939,5925.22497185865,944.579882354349,674.861973924995,"wbss_canum_1000"
2000,"D",41062.6061447552,122654.639285414,3016.4327368444,0,0,0,0,0,0,"wbss_canum_1000"
2000,"F",100783.00327291,942777.40582627,357212.051983214,115704.739685009,83317.5930665934,54456.0662806654,29900.0431654285,12747.5239141155,9843.49955915994,"wbss_canum_1000"
2001,"A",0,454,11344,10224,6123,7151,2664,1556,410,"wbss_canum_1000"
2001,"C",9160.08257284785,32061.4602913324,165357.441782881,85295.6775184192,27189.0693645358,9914.47474818956,4091.70195530512,691.285152219695,522.690140372304,"wbss_canum_1000"
2001,"D",118746.190489949,12096.2721371278,12280.9501394006,1495.8606318737,154.647125549695,121.358664363846,57.1099597006333,7.13874496257916,7.13874496257916,"wbss_canum_1000"
2001,"F",612759.524162326,490857.922048461,315263.702716028,199925.208575056,115244.288643971,62207.3768207331,39339.689129826,18203.4601166532,6005.56817472254,"wbss_canum_1000"
2002,"A",0,0,7589,14825,10583,3349,2877,969,620,"wbss_canum_1000"
2002,"C",49.4712240421518,172396.868040249,144133.022653996,125195.2803149,50368.9344536046,10303.2437040601,5937.4330502891,1799.55102858216,1679.75790456427,"wbss_canum_1000"
2002,"D",68015.7416036263,452740.069508935,26056.471097719,0,0,0,0,0,0,"wbss_canum_1000"
2002,"F",75709.2466472418,76972.5925438942,98607.9972790722,211013.235553758,148220.661247267,50701.6367020047,28302.0640203534,10726.4406086199,5710.4503878506,"wbss_canum_1000"
2003,"A",0,0,30,3130,5992,3502,1167,1305,605,"wbss_canum_1000"
2003,"C",13055.0964310341,29011.5153855395,178250.710995955,59576.8984473303,60688.3821350814,18929.1497692029,4562.62988309706,2696.54959978757,1092.45401560677,"wbss_canum_1000"
2003,"D",49395.5409559659,31947.1548490582,11032.6061080204,1621.32083360477,512.844229143104,412.211855667766,419.364907436728,0,38.1810424975238,"wbss_canum_1000"
2003,"F",1618.24776967136,34087.3340771707,57507.8792011545,83748.3012282679,131892.58728392,87502.407666734,23881.9856854099,12310.947144814,7126.45637146402,"wbss_canum_1000"
2004,"A",0,0,15140,27898,3520,4110,1002,456,146,"wbss_canum_1000"
2004,"C",5231.20635668321,107680.727279131,72729.6337911465,67023.7409035832,14517.5855412164,13688.8129247629,3575.09606049645,1479.67070705997,618.268922535134,"wbss_canum_1000"
2004,"D",14470.8182906964,94669.1567125586,7861.54391357297,5867.52340362983,415.434688490566,261.754637962697,0,0,0,"wbss_canum_1000"
2004,"F",9988.30165482697,83051.5394115299,83224.1422276276,78952.0445772712,84733.1715977877,83342.498811482,48962.4459277828,14054.4825364808,10553.7776477875,"wbss_canum_1000"
2005,"A",0,0,6569,17434,12680,2573,3787,1084,714,"wbss_canum_1000"
2005,"C",1379.42662315527,55590.6400901909,200478.258399551,67612.5326741862,44134.3873332986,7688.39613294591,8686.99225301872,2478.4997898789,811.919651479686,"wbss_canum_1000"
2005,"D",89534.1072546788,26747.6042957019,8861.74533984749,481.125612021775,182.127635450298,0,0,0,0,"wbss_canum_1000"
2005,"F",2448.77024922569,91154.9575895599,97109.1878562338,113833.524296926,94835.6455756691,56436.0992936011,59248.6541626867,29343.9238241228,12451.7511542905,"wbss_canum_1000"
2006,"A",0,129,3514,8783,13962,22370,5102,5258,3055,"wbss_canum_1000"
2006,"C",11327.8592212646,51183.1561749502,114769.336996487,96120.1043722912,29167.3757768846,25506.903919874,4504.25742470583,3905.79401764174,1627.68200380543,"wbss_canum_1000"
2006,"D",3536.38302261696,43174.7259874617,3198.32138623888,156.602466129697,0,253.454896735366,0,0,0,"wbss_canum_1000"
2006,"F",1047.87252114508,38216.7079255546,70277.541878653,123424.408461312,107105.164303699,45839.1178801424,31242.9367423796,21295.3810700646,11670.4158299835,"wbss_canum_1000"
2007,"A",0,0,74,2627,1253,596,806,377,613,"wbss_canum_1000"
2007,"C",246.8367374677,86764.397022103,85401.6983005361,33560.9464034295,35979.9909508442,13239.9404913948,9218.84748147017,2796.29818837226,3552.91974096919,"wbss_canum_1000"
2007,"D",1405.12709816353,12036.4869261401,5896.84853990484,0,0,0,0,0,0,"wbss_canum_1000"
2007,"F",612.007248117606,44578.4884752697,99486.9384882199,114248.011347566,102562.389876709,58143.0757831893,23770.7443677482,16145.1595624606,12380.1622955749,"wbss_canum_1000"
2008,"A",0,0,70,87,167,77,81,182,35,"wbss_canum_1000"
2008,"C",6600.49984318737,117380.027565536,57633.7306154608,31041.5274447208,9187.25584019679,10020.0553899471,6038.96552491194,3433.82331006697,1048.86381597508,"wbss_canum_1000"
2008,"D",3953.66553163856,5532.62577402369,1779.27347522596,134.453427327361,45.7719338253919,0,0,0,0,"wbss_canum_1000"
2008,"F",1833.36923395715,44799.3834405853,70846.1721247119,114574.195473007,79754.6156427782,80504.5882424045,42160.5547842447,13013.5182114872,15636.4301460164,"wbss_canum_1000"
2009,"A",0,0,1017,2075,3375,1423,1733,4471,3144,"wbss_canum_1000"
2009,"C",1869.68509809044,133185.771076463,149410.337702612,35457.4834128359,13785.3551048689,4411.34295156143,3456.28609059446,1694.06787950974,1457.46880418307,"wbss_canum_1000"
2009,"D",14496.3900518111,81136.695471742,3633.51901511294,442.158747536743,65.08352928,109.513004219795,10.86188544,5.43094272,10.86188544,"wbss_canum_1000"
2009,"F",660.588595099329,25975.4900639453,77263.3023665709,56449.8374627431,47367.1742079983,40158.7966988502,35090.8046465533,15495.2092491717,9407.27398117667,"wbss_canum_1000"
2010,"A",0,26,32,518,985,389,518,270,1018,"wbss_canum_1000"
2010,"C",342.732069390517,47217.7772301909,84418.7792450758,38442.1163475959,14623.0852719922,5544.31636607974,3302.7637343896,2518.62075571996,1788.38601156937,"wbss_canum_1000"
2010,"D",12215.3889726997,6848.69441334005,8173.9720565047,201.99399000386,310.111121715587,83.294556073025,0,0,0,"wbss_canum_1000"
2010,"F",2837.91230251149,24359.8619039874,29060.8911923611,36097.3924885941,27756.5445351328,23573.1135666007,14046.5714328733,7707.77926186069,7277.48347119295,"wbss_canum_1000"
2011,"A",0,0,63,442,400,235,69,109,298,"wbss_canum_1000"
2011,"C",122.055474606086,44871.1498999401,25487.2315725954,19186.0663455723,12079.1239802306,5479.15986056835,2683.74768927818,862.73316902209,790.320052458221,"wbss_canum_1000"
2011,"D",6152.88220943568,42338.3783690143,1366.84422959683,595.886706804061,0,0,0,0,0,"wbss_canum_1000"
2011,"F",2575.06368126244,14019.2388687969,17989.6219093346,19932.2036569874,34336.7487130904,21495.6232929781,19379.0786399401,10235.2530784736,8319.95115521443,"wbss_canum_1000"
2012,"A",0,0,16,214,359,0,1432,0,7395,"wbss_canum_1000"
2012,"C",0,16567.9174696567,78426.9045973001,19122.9218925262,9563.10661820079,6249.87166352825,2157.75044823427,1420.92029464881,806.54411805484,"wbss_canum_1000"
2012,"D",1521.27827694,16074.76091232,13868.1780054906,151.689207535254,0,0,0,0,0,"wbss_canum_1000"
2012,"F",435.140656489288,40344.0291850153,41395.0842414516,44490.8789007291,38143.1116602654,29797.8698437742,13845.304630754,8658.08559238883,8147.4319527884,"wbss_canum_1000"
2013,"A",0,0,53,409,172,494,312,67,645,"wbss_canum_1000"
2013,"C",0,6797.31873607736,40683.1518981873,64090.6254540657,9879.86970090229,4126.86456984418,1014.32305672997,349.568651488253,385.893272801337,"wbss_canum_1000"
2013,"D",0,6202.44657777172,16685.5587670671,2118.3280296862,400.824411308476,0,0,0,0,"wbss_canum_1000"
2013,"F",997.434201824258,60302.98856523,36360.3477750085,42510.3341729094,55478.494382666,29741.7155261208,25315.1436742197,11366.2286634646,10984.4453964871,"wbss_canum_1000"
2014,"A",0,34,2451,3369,5406,802,2116,1045,1573,"wbss_canum_1000"
2014,"C",777.157421633769,34022.3857185459,17216.2800484875,16608.321602883,30567.3570098585,6252.07010263752,2174.47308322693,2135.41755512156,868.61727484833,"wbss_canum_1000"
2014,"D",27673.6525745052,10061.5900690933,2305.23986670004,1397.01303760732,0,0,0,0,0,"wbss_canum_1000"
2014,"F",3957.60625565327,20601.0437257775,35997.8484549008,44399.6342408802,39082.1637447082,20152.9311935235,10920.3142937639,6606.93468996654,6126.03734822895,"wbss_canum_1000"
2015,"A",0,20,95,868,1404,3872,1837,1446,2170,"wbss_canum_1000"
2015,"C",932.570067972674,20365.3335158103,41894.4436426259,14273.7737654763,9977.25569297669,8449.41054109568,3534.02740824089,872.706622675967,2631.73028581428,"wbss_canum_1000"
2015,"D",3328.40153442432,44332.9636985769,9750.43931498775,456.560075313556,121.47164733,265.146152699901,0,0,0,"wbss_canum_1000"
2015,"F",13739.7674284867,45286.2507065689,74730.4196377174,39931.3084641152,48180.1256395178,29966.2685294918,14552.6267397019,7851.12878789606,9113.88720869993,"wbss_canum_1000"
2016,"A",0,20,1209,4109,1033,1137,1182,689,1210,"wbss_canum_1000"
2016,"C",76.6337718355649,21960.331493976,133876.587135646,39513.5627052753,12516.7574003158,8647.70414350927,12359.3232779625,2782.43022493018,5420.18896872887,"wbss_canum_1000"
2016,"D",35928.9773208327,15965.6212116248,15530.7094861279,753.41008274309,142.062569408014,792.942233187813,47.635899284771,24.1393182546482,24.1393182546482,"wbss_canum_1000"
2016,"F",16841.696952,22156.9268849847,37313.0718491266,93187.9295160389,45619.2339108017,30966.1229436386,17507.4652644087,10352.305492483,8211.22655594792,"wbss_canum_1000"
2017,"A",0,2.857656039,46.79001952,2367.748253,1013.027276,245.2060514,90.15743156,108.3103852,136.2593593,"wbss_canum_1000"
2017,"C",1102.24923251784,39503.2102991072,55178.5275708742,32784.9223501801,24115.4745642786,6745.45914940583,8680.1818009704,5905.85133881046,2228.8081438575,"wbss_canum_1000"
2017,"D",3889.18627405501,18077.0638397065,2250.24815438132,18.2959408521574,0,0,0,0,0,"wbss_canum_1000"
2017,"F",51.5101447641337,9282.65126617194,33065.1669018193,39158.9404819554,77266.0604095654,38856.1312587155,26819.0588269956,13356.3796439995,10208.8305958782,"wbss_canum_1000"
2018,"A",0,28.60373607,329.7964204,900.6030685,2277.117199,4269.882796,1744.267608,860.9432303,623.1041904,"wbss_canum_1000"
2018,"C",2.35960823918297,38386.2507089486,180914.294870353,13406.6945522542,10387.9354969994,13090.9859352178,3826.10231459687,2339.35570404314,2385.96571113036,"wbss_canum_1000"
2018,"D",385.633364336792,2002.98775357695,150.807827414541,3.24340786108891,0,0,0,0,0,"wbss_canum_1000"
2018,"F",367.538909712452,48329.5097112501,18181.1293864387,34731.323839904,23091.1034022373,51368.0926338315,16198.6914391985,8758.1901251768,4481.26836670983,"wbss_canum_1000"
2019,"A",0,7599.003518,6239.140182,4857.475417,2750.291079,7257.169943,9687.323693,2650.097622,2582.772478,"wbss_canum_1000"
2019,"C",5755.21041739047,28355.8407173707,57962.7403746416,14018.2336478409,4827.8210198361,2011.2014062511,1037.07068587025,412.504265233651,32.1541635494007,"wbss_canum_1000"
2019,"D",5754.83424343878,1378.4930080752,376.536137679681,61.4606121454972,0,0,0,0,0,"wbss_canum_1000"
2019,"F",270.508922372886,7376.44052631826,20438.297924035,15543.3031522033,13770.5203819972,10133.7221437227,15194.818318085,4292.83887112049,2975.37304533906,"wbss_canum_1000"
2020,"A",0,1811.691516,3203.772649,5844.573102,7536.173658,1218.578448,10720.19018,5324.728983,4587.412181,"wbss_canum_1000"
2020,"C",541.117728111523,32188.2785001104,48143.684726624,16931.8160582671,9799.95073556427,7715.74933577787,2486.03135045388,2829.32362744316,1024.42706324958,"wbss_canum_1000"
2020,"D",570.415215270177,18092.2682292035,2402.52547622764,675.859382649089,226.924092937894,116.950481031714,23.9208032910518,0,4.17493119796973,"wbss_canum_1000"
2020,"F",27.9085226532985,1702.213684197,2513.38323025994,4604.5297966873,4535.87698541037,6914.0598582336,4149.96524545239,5511.20150770987,1530.7927047727,"wbss_canum_1000"
2021,"A",0,393.7844831,1096.339804,2793.501397,7339.250825,4469.099742,1886.847375,1099.60843,2249.880232,"wbss_canum_1000"
2021,"C",2922.63386601296,950.042798065604,58678.0107384933,13988.3587428706,8042.67723187902,4160.57385667155,3235.57687033663,1537.06441659745,1783.38989726192,"wbss_canum_1000"
2021,"D",0,6526.27038659762,1519.96024564593,6.19989576120973,0.672668394162956,0,0,0,0,"wbss_canum_1000"
2021,"F",45.8327929459938,614.192121400352,1740.557542839,3071.64847391189,2422.15409278026,1489.57018758729,1446.00868444554,995.404770386344,1006.26153457619,"wbss_canum_1000"
2022,"A",0,105.375359954561,6264.04594191409,6690.66170805962,7194.22778401059,5099.6945364615,4463.87573268865,2509.54784462921,3209.19474776815,"wbss_canum_1000"
2022,"C",4160.90303171292,8.7750185573271,673.807428412637,142.731569174875,55.3612972630426,44.1649399822971,53.8818433322125,31.3721190891502,6.12487523025985,"wbss_canum_1000"
2022,"D",42.5125855252274,355.72787268558,148.166898787889,7.4797477427946,0.943690837075036,0,0,0,2.47213290125157,"wbss_canum_1000"
2022,"F",6.0882805483215,49.6608312564074,263.12590004342,876.192757665461,985.110748661151,959.021976939298,662.994713086756,447.484489724921,356.557138072857,"wbss_canum_1000"
2023,"A",0,590.71047718059,2607.77503726218,2621.06798111017,3125.66718934018,2116.94618034647,1252.5022764026,1183.06936407824,884.610134982444,"wbss_canum_1000"
2023,"C",114.029443259639,993.868743069765,134.118568400514,352.06028460204,198.523505027438,161.305085809117,99.8661125652728,36.0123800538666,16.0379669849103,"wbss_canum_1000"
2023,"D",4.65130912387989,1285.650235794,95.9396392940409,2.05848982554935,0,0,0,0,0,"wbss_canum_1000"
2023,"F",0.426232333678041,11.1670392954876,226.035707354488,1654.74421259461,1318.14108334658,822.547803270152,766.92466069433,370.915321024354,433.813339461348,"wbss_canum_1000"
2024,"A",0,141.995239939486,11855.0821891921,2862.87968948535,3760.38633369496,3967.60764841017,3453.34807412951,830.134600493432,1621.01556735935,"wbss_canum_1000"
2024,"C",74.3516902966583,388.190216791104,1058.87798986359,182.810119650257,167.869570118551,99.0339212760561,23.94900310228,10.6859205241185,8.71205008626095,"wbss_canum_1000"
2024,"D",140.961571550965,300.265494823095,12.3082953606747,0,0,0,0,0,0,"wbss_canum_1000"
2024,"F",529.381994170775,806.465262546306,457.428539161897,382.248706937469,1111.45655418283,1018.87205022473,775.015850204628,662.550243163151,550.742952176038,"wbss_canum_1000"
2000,"A",0,0,1148.66075,1611.32296,1880.21416,1171.3936,499.09374,131.61775,207.18918,"wbss_caton"
2000,"C",701.205730855234,3588.60555057297,16425.1118052444,11086.4780142273,8628.23657376592,2773.48478648281,871.637439807903,150.52043421805,109.415046271943,"wbss_caton"
2000,"D",983.005990186849,1618.34818254313,95.8849655409788,0,0,0,0,0,0,"wbss_caton"
2000,"F",2241.31137957465,27549.6062961747,16911.5220282048,9154.58019014766,10070.0047328977,7260.10557067777,4340.7163485458,1968.45658945804,1484.83924680531,"wbss_caton"
2001,"A",0,35.866,1445.90624,1547.50464,1092.03705,1347.10538,528.11136,343.5648,109.2855,"wbss_caton"
2001,"C",126.984574721108,1485.35218877236,12205.6149449871,8778.49476175347,3834.3571650421,1694.13116265558,730.049960726671,126.298575722942,106.700747840539,"wbss_caton"
2001,"D",1024.05780391926,326.720860331594,688.043882308141,93.2638339579376,16.0532653647137,14.8985607369027,7.18157743235464,0.770984455958549,1.20644789867588,"wbss_caton"
2001,"F",7907.82826167152,11383.7938375732,14197.9286888234,12859.8705313325,9724.83762935684,8643.3750475172,4979.75220760104,2372.91855833417,827.414293351616,"wbss_caton"
2002,"A",0,0,1085.68234,2285.7185,1748.09994,624.15313,568.38012,201.10626,138.5576,"wbss_caton"
2002,"C",0.469976628400442,4632.85291052357,12176.5854416008,14036.3504009412,6974.28487598779,1662.51663496648,1093.04060450875,337.476685363042,373.277072715344,"wbss_caton"
2002,"D",693.080406940952,6480.70672557944,551.605072841524,0,0,0,0,0,0,"wbss_caton"
2002,"F",814.095178941271,1584.81525571297,4876.82260510313,15902.3263665159,15576.0643701907,6086.09132667474,5025.5695574324,1788.58795147706,897.302312618733,"wbss_caton"
2003,"A",0,0,3.042,424.3341,847.38864,571.42134,204.41172,240.86385,116.35965,"wbss_caton"
2003,"C",191.502690469669,1540.76026946675,13879.2308709921,6611.29085600916,8082.92269577392,2726.93710591019,733.529883896141,441.991275822986,160.396977645472,"wbss_caton"
2003,"D",622.056313571245,635.414221694606,544.129207948652,157.076723240985,61.6727871059577,16.1958038091865,36.3319029643045,0,6.68168243706666,"wbss_caton"
2003,"F",32.5457939413291,1084.3638367193,2984.44470611341,6498.14662004581,12887.7628524002,10446.9398248441,3144.84991689601,2059.38730274346,1176.47659249772,"wbss_caton"
2004,"A",0,0,1825.884,3704.8544,576.928,681.849,175.1496,84.0408,30.3534,"wbss_caton"
2004,"C",155.388140520913,6422.53013888371,5723.88749977286,7720.85718280969,2043.77737783553,2149.2641084214,604.000986234689,278.130410594882,108.297472523457,"wbss_caton"
2004,"D",366.603628960167,2063.06199450655,386.965077642196,279.807231974507,64.4786222367924,41.1978108063759,0,0,0,"wbss_caton"
2004,"F",85.4703214054331,1668.05124389198,4213.14335435818,6060.60278120707,8150.68153273364,10394.3766714629,7286.95490156156,2307.55091943737,1593.70453465486,"wbss_caton"
2005,"A",0,0,703.47421,2682.74392,2125.2948,461.3389,714.6069,202.02508,148.76904,"wbss_caton"
2005,"C",30.396289763472,3711.89740384521,16980.4067725139,7514.56815812364,6254.15879823192,1205.25532431108,1479.54727102656,431.233347533764,157.928938272255,"wbss_caton"
2005,"D",1212.09273521724,774.373113965557,531.575674718616,39.7554022306746,21.2383213771041,0,0,0,0,"wbss_caton"
2005,"F",34.0348857787701,1345.09207950283,4671.93698567952,8081.10307842728,8239.21519028964,6434.95856215893,8351.20440512037,4628.17530000298,2046.79432359563,"wbss_caton"
2006,"A",0,3.18114,437.77412,1307.26172,2291.02458,3919.8951,1091.5729,1179.52714,722.9963,"wbss_caton"
2006,"C",163.925509305911,2814.96251544063,9490.30322643412,10529.1361891135,3895.8953966791,4481.5908380845,807.19148902642,734.083476981077,312.021231063375,"wbss_caton"
2006,"D",43.0674837286628,901.583988135837,125.034758920275,22.097171776681,0,31.8923233097485,0,0,0,"wbss_caton"
2006,"F",26.6115168279501,1466.23212169368,3954.72764838907,10128.6151904028,10737.9766406478,5566.88819533058,4371.60119606644,3714.19724400762,1922.39571591942,"wbss_caton"
2007,"A",0,0,11.58766,389.37394,196.05691,110.26,149.7548,75.14364,137.83305,"wbss_caton"
2007,"C",11.3798264241673,6041.23358668392,7178.50352340124,3909.84348761563,5101.52812204236,2130.70108468839,1805.20818808773,510.931291189699,759.274431253605,"wbss_caton"
2007,"D",30.2794511948606,300.627485810193,337.348467129063,0,0,0,0,0,0,"wbss_caton"
2007,"F",9.22299450238684,871.23178586356,5604.78301332625,8495.14369012294,10553.5697949881,6700.7712741417,3127.68863739473,2523.9194035308,2255.3309127846,"wbss_caton"
2008,"A",0,0,9.9274,14.32629,27.67524,12.93292,15.56577,36.29262,7.55475,"wbss_caton"
2008,"C",225.391028302575,8346.80480882318,5251.87557458989,3507.68097582657,1279.43332142078,1687.85090329897,1100.48905512962,697.456616143682,202.543579007089,"wbss_caton"
2008,"D",59.7924466384272,168.214376812352,97.45290106382,11.3949279659938,6.13343913260251,0,0,0,0,"wbss_caton"
2008,"F",31.2622709156,1786.03132116691,4299.65064891526,9534.14335533972,8175.20832434568,9777.25836088689,5185.53899285703,1849.92226324098,2476.82072620576,"wbss_caton"
2009,"A",0,0,140.40702,352.89525,712.3275,300.26723,429.93997,1110.46227,894.56232,"wbss_caton"
2009,"C",43.6540570646766,8199.26077315621,13078.2035263121,3990.22548961056,2127.49121993707,782.325782795404,743.427674806332,365.672582962451,363.829078392673,"wbss_caton"
2009,"D",189.685412473533,1213.14147289996,224.668170353342,41.8963355934732,9.052653611904,15.9606540279805,2.439579469824,1.005810591744,2.34073631232,"wbss_caton"
2009,"F",9.22305953146178,622.736721355923,4246.58658905762,5134.36685585183,5879.7321335205,5948.21468259978,5370.18560043661,2415.59547684462,1490.18780314532,"wbss_caton"
2010,"A",0,1.7628,4.2336,81.4814,197.26595,79.96284,109.24102,59.1408,239.47432,"wbss_caton"
2010,"C",8.68528133686424,3175.31104810492,7433.64875981774,4820.57505336746,2326.45370423875,1037.79297836717,686.216246578606,541.333485926778,406.253613642473,"wbss_caton"
2010,"D",94.3301176935357,113.070887302956,326.194190213332,18.9958702781374,12.7021515454704,9.24569572410578,0,0,0,"wbss_caton"
2010,"F",34.9029791545574,499.501283397919,1507.815055153,3194.14330960373,3476.1128443235,3841.39435482158,2457.75258331937,1490.37386995407,1418.54395501945,"wbss_caton"
2011,"A",0,0,9.43047,73.814,73.124,48.82595,14.69838,22.95649,65.21432,"wbss_caton"
2011,"C",2.69854198903363,2246.13376605821,2379.9015117753,2437.44375467229,1673.76842290018,945.290174275326,501.591168615422,191.336758949046,167.333567667058,"wbss_caton"
2011,"D",50.5309903558974,723.989154648456,64.3209494668725,42.3854214549729,0,0,0,0,0,"wbss_caton"
2011,"F",34.0770579537242,342.410440147087,1022.5201050222,1596.35237099286,3827.94159934728,3062.94768201157,2904.28988896437,1634.4243753546,1400.79243833519,"wbss_caton"
2012,"A",0,0,2.2336,39.51082,73.71347,0,305.17352,0,1674.15405,"wbss_caton"
2012,"C",0,1104.85668258707,6513.56590265831,2605.07585928572,1615.51650429992,1122.75645083767,439.49045868454,306.429479494498,177.571063096763,"wbss_caton"
2012,"D",14.1631007583114,433.763776714943,549.746870258475,12.925437374079,0,0,0,0,0,"wbss_caton"
2012,"F",8.10683460625392,686.702819523618,2142.69258682462,4084.03977999239,4306.73514183902,4438.26269940927,2331.27694642722,1526.99706596819,1562.06367920594,"wbss_caton"
2013,"A",0,0,7.15606,63.07189,36.85788,96.6264,68.82096,16.3011,163.185,"wbss_caton"
2013,"C",0,617.454765937761,3985.30335425667,8376.56313316864,1589.04925328676,799.144970471232,190.187856173622,86.0759782151012,85.2058872007064,"wbss_caton"
2013,"D",0,137.465142400132,966.960819524065,233.348000663838,55.233603878308,0,0,0,0,"wbss_caton"
2013,"F",13.6850386698732,1069.20417779041,1955.48726188263,3642.73292495958,7191.13716197886,4162.76072008537,3703.55813606263,1805.99003435436,1972.85069523165,"wbss_caton"
2014,"A",0,3.5241,362.18427,537.3555,900.85584,156.93536,422.60752,221.13245,348.45096,"wbss_caton"
2014,"C",15.176175662772,2090.78677941859,1716.80848430729,2251.00169079074,5324.07095364257,1217.12738909008,479.195423114985,484.133186649668,210.996136235353,"wbss_caton"
2014,"D",260.222821249872,221.977788911357,55.5025239023143,89.1804573111152,0,0,0,0,0,"wbss_caton"
2014,"F",64.2811970352383,697.537553564566,2077.8378821055,3656.70752981717,4771.87503664674,3230.83575924775,1702.59130084164,1079.85102161059,1063.54855824403,"wbss_caton"
2015,"A",0,2.2938,12.9865,124.66216,228.0798,700.28992,372.45175,294.94062,468.9153,"wbss_caton"
2015,"C",16.5608291728238,798.777274176451,3140.70722049815,1663.00611364245,1534.98301478884,1442.53059340089,671.885018060176,170.616257944532,552.33956422379,"wbss_caton"
2015,"D",53.0157021826661,1242.11508369999,448.114483340425,44.2531519254657,34.49794784172,38.9764844468855,0,0,0,"wbss_caton"
2015,"F",98.13055086857,726.324310585362,3809.97711787661,3136.69431939539,5153.18770102689,4361.52379282941,2473.42655596945,1053.70441917665,1345.57119873913,"wbss_caton"
2016,"A",0,2.436,146.66379,631.59439,179.98992,206.84304,248.06634,151.46287,271.8749,"wbss_caton"
2016,"C",2.45994407592163,1209.20233532434,8466.19237672566,4904.05786683091,2003.00330225721,1598.84966281112,2495.60928639932,589.464829207345,1300.90719765087,"wbss_caton"
2016,"D",264.615257003455,390.206265863042,581.040790195667,84.9493702733068,23.984897135053,74.6660356815212,9.8606311519476,5.74515774460626,3.04155410008567,"wbss_caton"
2016,"F",170.798888730206,757.019509825495,1936.38897465217,7839.53673030003,4360.70233231394,4074.20867104913,2804.83053977892,1738.02335351439,1389.32748315012,"wbss_caton"
2017,"A",0,0.289524861849929,5.75932978777439,345.649255290481,168.141894476442,44.1705660081674,18.0411225186,21.3700836140912,28.7429506708145,"wbss_caton"
2017,"C",34.399446057268,1803.59189852599,3272.98012423493,3546.69674849732,3457.06227735905,1159.53964330496,1571.05132251245,1088.15000560419,370.65281576854,"wbss_caton"
2017,"D",88.1143765215588,489.596713974728,65.0321869289219,1.37219556391181,0,0,0,0,0,"wbss_caton"
2017,"F",1.13440937706564,318.34378562841,1903.95841524898,3183.20091478532,9019.76863482907,4809.19907496778,3676.40306593627,1963.88572961595,1422.27799233399,"wbss_caton"
2018,"A",0,2.7582262330457,42.0488829901433,146.467164628068,416.108114175089,842.901900828264,372.19263153521,192.521662862047,148.735543504335,"wbss_caton"
2018,"C",0.0510265281723317,2213.62961847277,10077.1823865555,1349.83690097651,1486.76302324639,2269.5071499908,708.139177713773,439.173745012665,473.630273848912,"wbss_caton"
2018,"D",3.98493829256831,84.1824826439696,9.24224164883005,0.155683577332268,0,0,0,0,0,"wbss_caton"
2018,"F",5.84276972447895,695.247729853277,937.331633454551,3035.37073260399,2508.49716520606,7343.66579271341,2327.49008166053,1380.21536663108,762.028583052604,"wbss_caton"
2019,"A",0,549.020823117176,816.725767228231,768.413590869375,439.810245628164,1300.8351210929,1814.70669182992,519.04774128096,548.650495542117,"wbss_caton"
2019,"C",113.866052569967,1379.85014918207,4352.03088104647,1503.42847199906,625.940610278265,271.357013589395,164.125356440588,70.7849983400628,5.2487763994055,"wbss_caton"
2019,"D",68.8481281570812,37.0037436235043,16.9057211185415,3.96420948338457,0,0,0,0,0,"wbss_caton"
2019,"F",4.51615405941027,233.848564827419,1185.15725301732,1311.62655216022,1771.10367849292,1516.12252018609,2565.14266090431,705.0592217564,539.727394595909,"wbss_caton"
2020,"A",0,190.139753011623,408.552963073651,851.819065967494,1203.4172743197,206.914315825788,1960.37756163763,1029.97689564019,950.725802094031,"wbss_caton"
2020,"C",9.49617900335114,1506.58035552969,2984.30948548935,2241.19896709872,1655.62817599099,1442.48809692629,501.803139134906,597.192915014615,196.258595870607,"wbss_caton"
2020,"D",8.07469078956618,807.586217529161,192.175505088792,70.4713616657477,26.4142276953035,13.6582491065336,2.7700290211038,0,0.542741055736065,"wbss_caton"
2020,"F",0.532024514064999,65.1182336770736,173.222561573484,394.137471598924,487.412105508602,1005.35341840984,642.482055928161,950.430382440512,260.508746349343,"wbss_caton"
2021,"A",0,46.9628012475923,151.303161546802,417.138964775709,1171.21802041379,749.401405863546,327.951910143236,199.052161527,442.023826720954,"wbss_caton"
2021,"C",31.8665343669748,46.3933985753268,3795.64843429769,1409.84325222533,1257.08524418157,741.84325462168,637.110402835856,315.140416485471,353.689067965832,"wbss_caton"
2021,"D",0,295.654263174632,100.934886484666,0.428612181406594,0.0511020546880645,0,0,0,0,"wbss_caton"
2021,"F",0.869629781792807,14.4093508717435,123.734136870491,313.574967743101,331.341451005821,217.313308498,248.556658026392,175.316187775552,179.325309427106,"wbss_caton"
2022,"A",0,7.22073600729193,687.712149163141,874.178432985675,1028.62932423172,871.592007308807,784.135155409036,482.586050522196,650.263882061296,"wbss_caton"
2022,"C",29.4931573195117,0.288378232518286,35.2907916872182,10.9856092284432,7.5787182187219,7.63560581896177,9.63914618477618,5.76242391600978,1.16191741033941,"wbss_caton"
2022,"D",1.10280008662747,18.3963968594169,11.2480070778014,0.517091112477784,0.0716914027525296,0,0,0,0.206793917189694,"wbss_caton"
2022,"F",0.115522907858646,1.6833839426239,25.7512368212408,82.042604046489,127.857683015513,141.119961228345,110.788512359471,80.7265423657603,66.3159533125984,"wbss_caton"
2023,"A",0,30.9722147927695,236.488068801726,463.82790582199,605.685844508836,391.662481091758,227.798845956876,232.363194088993,172.654575629587,"wbss_caton"
2023,"C",1.59528806357921,30.6313104751806,14.7053245753022,61.7102460997832,36.6887436941149,28.6376227260252,18.0685912660716,6.99915222437974,3.16529389695402,"wbss_caton"
2023,"D",0.10540129874188,55.1113653297791,6.38128542415962,0.104715377425695,0,0,0,0,0,"wbss_caton"
2023,"F",0.00767218200620473,0.634604914933814,17.1795124533934,169.239176356019,149.88453329005,118.568864643257,125.677853265147,66.5326160943289,74.0046668008642,"wbss_caton"
2024,"A",0,9.20129154807867,1241.08338391209,429.975416883857,722.947071626051,744.517496666714,647.299081338869,197.106713896868,328.945958286425,"wbss_caton"
2024,"C",0.329275916037854,9.88435790301195,102.663296323531,23.3611062684911,28.3308681529913,17.1211127115213,4.47774752615284,2.09712915074191,1.7364017466462,"wbss_caton"
2024,"D",0.679020406609909,7.76272437017874,1.3516969965093,0,0,0,0,0,0,"wbss_caton"
2024,"F",10.9840720616987,25.4792344230838,28.4891042437204,26.8325105811366,117.086439237431,129.90472474894,119.328082608008,109.247715839697,91.7311162562846,"wbss_caton"
2000,"A",NA,NA,0.14075,0.16523,0.18392,0.20696,0.20239,0.21755,0.26631,"weca_kg"
2000,"C",0.0203651355528629,0.0400639947946431,0.0722229766033802,0.109288479136641,0.139645106864013,0.163726973680061,0.147106218573585,0.159351725597713,0.162129517589479,"weca_kg"
2000,"D",0.0239392011973503,0.0131943495327337,0.03178753643991,NA,NA,NA,NA,NA,NA,"weca_kg"
2000,"F",0.0222389818400769,0.0292217506761627,0.0473430891659822,0.0791201831063259,0.120862885763503,0.133320418945785,0.145174250235354,0.1544187406684,0.150844650104503,"weca_kg"
2001,"A",NA,0.079,0.12746,0.15136,0.17835,0.18838,0.19824,0.2208,0.26655,"weca_kg"
2001,"C",0.013862819872117,0.0463282762318195,0.0738135206579543,0.102918401226812,0.141025686228285,0.170874524942932,0.178422076852426,0.18270112603663,0.204137670866601,"weca_kg"
2001,"D",0.00862392132070917,0.0270100454609293,0.0560252972691999,0.062347943364962,0.103805779174053,0.122764705882353,0.12575,0.108,0.169,"weca_kg"
2001,"F",0.0129052718886449,0.0231916269988392,0.0450350882975326,0.0643234068529416,0.0843845516665922,0.13894453502557,0.126583415317981,0.130355357889533,0.13777452345545,"weca_kg"
2002,"A",NA,NA,0.14306,0.15418,0.16518,0.18637,0.19756,0.20754,0.22348,"weca_kg"
2002,"C",0.0095,0.0268731848970827,0.0844815797059341,0.112115651369891,0.138464014608288,0.161358566556214,0.184093124966777,0.187533823716539,0.222220756753737,"weca_kg"
2002,"D",0.01019,0.0143144094416223,0.0211696000879341,NA,NA,NA,NA,NA,NA,"weca_kg"
2002,"F",0.0107529161231052,0.0205893448997345,0.0494566641618443,0.0753617483983114,0.105086998257322,0.12003737398943,0.177569012416136,0.166745709666236,0.157133369817521,"weca_kg"
2003,"A",NA,NA,0.1014,0.13557,0.14142,0.16317,0.17516,0.18457,0.19233,"weca_kg"
2003,"C",0.0146688070426224,0.0531085759909919,0.0778635372248644,0.110970712277913,0.133187315453274,0.144060200228688,0.16076909648394,0.163909937298318,0.146822635419015,"weca_kg"
2003,"D",0.0125933697967957,0.0198895402328241,0.049320097411353,0.0968819495717874,0.120256373380675,0.03929,0.086635534638258,NA,0.175,"weca_kg"
2003,"F",0.0201117496042888,0.0318113418393,0.0518962748682532,0.0775913842399524,0.0977140802057153,0.119390312831537,0.131682932831556,0.167280979970008,0.16508577772378,"weca_kg"
2004,"A",NA,NA,0.1206,0.1328,0.1639,0.1659,0.1748,0.1843,0.2079,"weca_kg"
2004,"C",0.0297040739603771,0.059644193544822,0.078700898126475,0.115195855658318,0.14077942726999,0.157008801291557,0.168946785209127,0.187967775037942,0.175162406804141,"weca_kg"
2004,"D",0.0253339943599364,0.0217923351823083,0.0492225295560711,0.0476874505181198,0.155207603079724,0.157390948741267,NA,NA,NA,"weca_kg"
2004,"F",0.00855704246418394,0.0200845313128586,0.0506240526076526,0.076763088450173,0.0961923338763169,0.124718802768017,0.14882742811316,0.164186117379116,0.151007969642885,"weca_kg"
2005,"A",NA,NA,0.10709,0.15388,0.16761,0.1793,0.1887,0.18637,0.20836,"weca_kg"
2005,"C",0.0220354524504857,0.0667719853166465,0.0846994926435969,0.111141645800123,0.141707162512558,0.156762906524338,0.170317553870549,0.173989664753949,0.194513013676214,"weca_kg"
2005,"D",0.0135377765231908,0.0289511204594122,0.0599854378943104,0.0826299852623005,0.11661229403541,NA,NA,NA,NA,"weca_kg"
2005,"F",0.0138987664479884,0.0147561044958117,0.0481101437342482,0.0709905375269624,0.0868788854683927,0.114022029210097,0.140951799212002,0.157721759630465,0.164378029903879,"weca_kg"
2006,"A",NA,0.02466,0.12458,0.14884,0.16409,0.17523,0.21395,0.22433,0.23666,"weca_kg"
2006,"C",0.0144710051655825,0.0549978298684581,0.0826902330778875,0.109541456055148,0.133570309049422,0.17570109066011,0.179206340339027,0.187947309475451,0.191696676828696,"weca_kg"
2006,"D",0.0121783990742022,0.0208822167950218,0.0390938695086273,0.141103600235646,NA,0.125830369507706,NA,NA,NA,"weca_kg"
2006,"F",0.0253957578722171,0.0383662591908721,0.0562729933727281,0.0820633075472883,0.1002563854923,0.121444051560647,0.139922864233712,0.17441327918892,0.164723840514785,"weca_kg"
2007,"A",NA,NA,0.15659,0.14822,0.15647,0.185,0.1858,0.19932,0.22485,"weca_kg"
2007,"C",0.046102644772059,0.0696280247893031,0.0840557467386591,0.116499798325595,0.141787921209098,0.1609298082626,0.195817122662696,0.182717026858682,0.213704357714111,"weca_kg"
2007,"D",0.0215492614400755,0.0249763479705452,0.0572082638457095,NA,NA,NA,NA,NA,NA,"weca_kg"
2007,"F",0.01507007397503,0.019543771349423,0.0563368729452852,0.074357037728026,0.102899023781277,0.115246247018791,0.131577227410612,0.156326693072716,0.182172968248625,"weca_kg"
2008,"A",NA,NA,0.14182,0.16467,0.16572,0.16796,0.19217,0.19941,0.21585,"weca_kg"
2008,"C",0.0341475696776525,0.0711092421933785,0.0911250324854215,0.112999625487924,0.139261749501184,0.168447262775848,0.182231385589117,0.203113717033413,0.193107604554738,"weca_kg"
2008,"D",0.0151232941076952,0.0304040764156033,0.0547711762248601,0.08475,0.134,NA,NA,NA,NA,"weca_kg"
2008,"F",0.0170518138608247,0.0398673192352214,0.060689950070224,0.0832137054594106,0.102504516615847,0.12144970335662,0.122995036934259,0.142153892066484,0.158400651752137,"weca_kg"
2009,"A",NA,NA,0.13806,0.17007,0.21106,0.21101,0.24809,0.24837,0.28453,"weca_kg"
2009,"C",0.0233483473282542,0.0615625881570257,0.0875321194464005,0.112535496192775,0.154329808971381,0.177344131115105,0.215094368729895,0.21585474076061,0.249630782729929,"weca_kg"
2009,"D",0.0130850102539725,0.0149518225489288,0.0618321163089766,0.0947540579641968,0.139092850557597,0.145742089185565,0.2246,0.1852,0.2155,"weca_kg"
2009,"F",0.0139618812675307,0.0239740124179716,0.0549625301920174,0.0909545020256349,0.124130945783286,0.148117353395952,0.153036832712358,0.155893053007577,0.15840803681567,"weca_kg"
2010,"A",NA,0.0678,0.1323,0.1573,0.20027,0.20556,0.21089,0.21904,0.23524,"weca_kg"
2010,"C",0.0253413150170316,0.0672482110418919,0.0880568142099893,0.125398274376456,0.159094586468332,0.187181414234659,0.207770310492836,0.214932512049451,0.227162151243831,"weca_kg"
2010,"D",0.00772223609942795,0.0165098455966605,0.0399064479250027,0.0940417597462894,0.04096,0.111,NA,NA,NA,"weca_kg"
2010,"F",0.0122988223151466,0.0205050950357053,0.051884680520374,0.0884868155120345,0.125235792226356,0.162956596461836,0.174971707157483,0.193359697952,0.194922319045394,"weca_kg"
2011,"A",NA,NA,0.14969,0.167,0.18281,0.20777,0.21302,0.21061,0.21884,"weca_kg"
2011,"C",0.0221091433853559,0.0500574148660542,0.0933762266410385,0.127042391638284,0.138567037281807,0.172524656759562,0.186899525100413,0.221779764380598,0.211728864966265,"weca_kg"
2011,"D",0.00821257235810662,0.0171000681305809,0.0470579953985282,0.07113,NA,NA,NA,NA,NA,"weca_kg"
2011,"F",0.0132334816422939,0.0244243245551084,0.056839443884678,0.0800891059746544,0.111482354702032,0.142491689599535,0.149867284349559,0.159685780392872,0.168365464195936,"weca_kg"
2012,"A",NA,NA,0.1396,0.18463,0.20533,NA,0.21311,NA,0.22639,"weca_kg"
2012,"C",NA,0.066686515345731,0.0830526964707281,0.13622791924407,0.168932185826018,0.179644720929172,0.203679929272722,0.215655642789052,0.220162864153067,"weca_kg"
2012,"D",0.00931,0.0269841510602188,0.0396408864986319,0.08521,NA,NA,NA,NA,NA,"weca_kg"
2012,"F",0.0186303772937694,0.0170211759557887,0.0517620057088566,0.0917949899147859,0.112909905730776,0.148945636808216,0.168380328826341,0.176366593939721,0.191724667141446,"weca_kg"
2013,"A",NA,NA,0.13502,0.15421,0.21429,0.1956,0.22058,0.2433,0.253,"weca_kg"
2013,"C",NA,0.0908379892001483,0.0979595525005093,0.130698726589463,0.160837065810862,0.193644583423149,0.18750225079844,0.246234832124224,0.220801691053504,"weca_kg"
2013,"D",NA,0.0221630514147076,0.0579519591176407,0.110156688385229,0.1378,NA,NA,NA,NA,"weca_kg"
2013,"F",0.0137202420418749,0.0177305338131599,0.053780763428965,0.0856905266880021,0.129620265329798,0.139963705739482,0.146298128255707,0.158890876457511,0.179604033159705,"weca_kg"
2014,"A",NA,0.10365,0.14777,0.1595,0.16664,0.19568,0.19972,0.21161,0.22152,"weca_kg"
2014,"C",0.0195278012411798,0.0614532677606697,0.0997200602843421,0.135534567827732,0.174175050591566,0.19467590239857,0.220373122487152,0.226715934543354,0.242910361496317,"weca_kg"
2014,"D",0.0094032697906169,0.0220618994996842,0.024076680567635,0.0638365247212409,NA,NA,NA,NA,NA,"weca_kg"
2014,"F",0.016242443760901,0.0338593307625359,0.0577211686611961,0.0823589561566776,0.122098537527694,0.160315922692478,0.155910466955508,0.16344206084714,0.173611177632064,"weca_kg"
2015,"A",NA,0.11469,0.1367,0.14362,0.16245,0.18086,0.20275,0.20397,0.21609,"weca_kg"
2015,"C",0.0177582679753229,0.0392224008291508,0.0749671542911386,0.116507809424914,0.153848218590746,0.170725589244931,0.190118790956015,0.195502421445335,0.209876964672651,"weca_kg"
2015,"D",0.0159282771727948,0.0280178670694164,0.0459583890391084,0.0969273362220154,0.284,0.147,NA,NA,NA,"weca_kg"
2015,"F",0.00714208238089358,0.0160385171934758,0.0509829482605189,0.0785522548607247,0.106956709486042,0.145547777780104,0.169964268321508,0.134210563556303,0.147639658899297,"weca_kg"
2016,"A",NA,0.1218,0.12131,0.15371,0.17424,0.18192,0.20987,0.21983,0.22469,"weca_kg"
2016,"C",0.0321,0.0550630274254301,0.0632387825075612,0.124110749096694,0.160025734956457,0.184887183497272,0.20192119182198,0.21185251077487,0.24001141014756,"weca_kg"
2016,"D",0.00736495377089465,0.0244404060882346,0.0374123790490482,0.112753163541447,0.168833333333333,0.0941632726274981,0.207,0.238,0.126,"weca_kg"
2016,"F",0.0101414298818578,0.0341662683527882,0.0518957265829482,0.0841260962767795,0.0955891179768675,0.131569866801362,0.160207688401411,0.16788756425092,0.169198532482792,"weca_kg"
2017,"A",NA,0.101315504,0.123088852,0.145982266,0.165979632,0.180136525,0.200106882,0.197304105,0.210942946,"weca_kg"
2017,"C",0.0312084100786264,0.0456568437063647,0.0593161917927394,0.108180727427523,0.143354519860035,0.171899290711307,0.180992905279567,0.184249474492082,0.166300906962335,"weca_kg"
2017,"D",0.02265625,0.0270838626403102,0.0289000067847191,0.075,NA,NA,NA,NA,NA,"weca_kg"
2017,"F",0.022023028323064,0.0342944894190442,0.0575819992350992,0.0812892503118706,0.116736489307438,0.123769374849666,0.137081733167894,0.14703727970912,0.139318404686648,"weca_kg"
2018,"A",NA,0.09642888,0.127499513,0.162632318,0.182734606,0.197406332,0.213380464,0.22361714,0.23870092,"weca_kg"
2018,"C",0.021625,0.0576672526644214,0.0557014159316542,0.100683796122553,0.143124013782705,0.173364111856946,0.185081087615501,0.18773277798397,0.198506739488946,"weca_kg"
2018,"D",0.0103334894256921,0.0420284559871301,0.0612848935448484,0.048,NA,NA,NA,NA,NA,"weca_kg"
2018,"F",0.0158970100037847,0.0143855738245041,0.0515551929438281,0.0873957683443252,0.108634789836982,0.142961621040934,0.143683833376092,0.157591391246855,0.170047522418768,"weca_kg"
2019,"A",NA,0.072249055,0.130903577,0.158191967,0.159914072,0.179248265,0.187327971,0.195859857,0.212426956,"weca_kg"
2019,"C",0.019784863508361,0.0486619375152849,0.0750832492203985,0.107248067750006,0.129652820124536,0.134922844000595,0.158258601536754,0.171598221657099,0.163237846051925,"weca_kg"
2019,"D",0.011963529312,0.0268436208284965,0.04489800427316,0.0645,NA,NA,NA,NA,NA,"weca_kg"
2019,"F",0.0166950280966516,0.0317020877472103,0.0579870817727731,0.0843853162559144,0.128615595443172,0.149611613450962,0.168816935300323,0.164240783994851,0.18139822683458,"weca_kg"
2020,"A",NA,0.104951506,0.127522458,0.145745301,0.159685449,0.16979975,0.182867797,0.193432736,0.207246649,"weca_kg"
2020,"C",0.0175491921813251,0.0468052479266491,0.0619875587511688,0.132366130094145,0.16894249988244,0.186953727259838,0.201849079273795,0.211072678014672,0.191578886297727,"weca_kg"
2020,"D",0.0141558124212055,0.044637090678636,0.0799889562005972,0.10426926587825,0.1164011602,0.1167866005,0.1158,NA,0.13,"weca_kg"
2020,"F",0.0190631557490242,0.0382550288965585,0.068920075334301,0.085597767633621,0.107457082076159,0.145407103644411,0.154816249758286,0.172454297145715,0.170178983435922,"weca_kg"
2021,"A",NA,0.119260162,0.138007542,0.149324774,0.159582776,0.167685093,0.173809453,0.181020949,0.196465492,"weca_kg"
2021,"C",0.0109033617715677,0.0488329564413194,0.0646860448492967,0.100786895599448,0.156301839292869,0.17830310918099,0.196907824591283,0.20502746214312,0.198324028025986,"weca_kg"
2021,"D",NA,0.0453021780681642,0.066406267383508,0.0691321592998787,0.0759691627130096,NA,NA,NA,NA,"weca_kg"
2021,"F",0.0189739644018099,0.0234606572922008,0.0710887941507928,0.102086866516906,0.136796189802067,0.145889942151695,0.171891538896047,0.17612552500377,0.178209444826521,"weca_kg"
2022,"A",NA,0.0685239510489511,0.109787213494318,0.130656498733546,0.142979810358227,0.170910630249939,0.17566240692295,0.1923,0.202625248129153,"weca_kg"
2022,"C",0.007088162616318,0.0328635467417321,0.05237518940739,0.0769669197357708,0.136895603849609,0.172888400211172,0.178894142974013,0.183679779476633,0.189704666080213,"weca_kg"
2022,"D",0.0259405555555556,0.0517148030052655,0.075914439526089,0.0691321592998787,0.0759691627130096,NA,NA,NA,0.08365,"weca_kg"
2022,"F",0.018974636096639,0.0338976191101656,0.0978665985256163,0.0936353368921747,0.12979016134915,0.147149872079811,0.167103161115214,0.180400760740076,0.185989694866375,"weca_kg"
2023,"A",NA,0.0524321405988889,0.0906857629291551,0.176961417698725,0.193778098504689,0.185012960994434,0.181874995557816,0.196407075649391,0.195175895913756,"weca_kg"
2023,"C",0.0139901416509315,0.030820277515288,0.10964421072098,0.175283179610955,0.184808059322971,0.17753701058077,0.180928152723096,0.194354058629575,0.197362539774035,"weca_kg"
2023,"D",0.0226605662910573,0.0428665307215091,0.0665135440482731,0.05087,NA,NA,NA,NA,NA,"weca_kg"
2023,"F",0.018,0.0568283945405517,0.0760035334879681,0.102275128124276,0.113709021882175,0.144148296514647,0.163872489315138,0.179374138308944,0.170591035519455,"weca_kg"
2024,"A",NA,0.0648,0.104687876819913,0.150189831051249,0.192253403632515,0.187648972036094,0.187441018815352,0.237439463166224,0.202925847789532,"weca_kg"
2024,"C",0.0044286271734249,0.0254626661761829,0.0969547930038249,0.127788911867595,0.168767145427154,0.172881296538752,0.186970100886018,0.196251614075607,0.19931034939578,"weca_kg"
2024,"D",0.00481706041681302,0.0258528685580481,0.10982,NA,NA,NA,NA,NA,NA,"weca_kg"
2024,"F",0.0207488584474886,0.0315937159433706,0.0622809943076973,0.0701964718105013,0.10534504366976,0.127498565418775,0.153968570547947,0.164889707561084,0.166558856348222,"weca_kg"
